{"stats":{"minecraft:killed_by":{"minecraft:skeleton":1},"minecraft:used":{"minecraft:stone_sword":4,"minecraft:sand":2},"minecraft:picked_up":{"minecraft:sand":2,"minecraft:rotten_flesh":1},"minecraft:killed":{"minecraft:husk":1},"minecraft:mined":{"minecraft:sand":2},"minecraft:custom":{"minecraft:jump":22,"minecraft:time_since_rest":1847,"minecraft:damage_dealt":199,"minecraft:crouch_one_cm":2339,"minecraft:damage_taken":304,"minecraft:leave_game":4,"minecraft:play_time":6627,"minecraft:time_since_death":0,"minecraft:walk_one_cm":1265,"minecraft:deaths":1,"minecraft:sneak_time":886,"minecraft:total_world_time":6627,"minecraft:hex":0,"minecraft:mob_kills":1,"minecraft:fall_one_cm":836,"minecraft:fly_one_cm":299}},"DataVersion":3465}